name,ON,OFF,x_fold,dG_all,dG_stem,five_stem,three_stem,len_five,len_three,same_length
TT-17,64.9,14.5,5.1,-41.60,-39.20,UCCGCGCGCGCGCCGC,GCGGCGCGCGCGCGGA,16,16,WAHR
TT-8,61.3,10.4,6.1,-36.20,-33.40,UCCGCGCGCGCCGC,GCGGCGCGCGCGGA,14,14,WAHR
TT-2,80.5,12.4,6.7,-30.80,-27.60,UCCGCGCGCCGC,GCGGCGCGCGGA,12,12,WAHR
TT-20,95.2,15.6,6.5,-28.30,-25.10,UCCCGCGCCGC,GCGGCGCGGGA,11,11,WAHR
TT-6,103.4,18.9,5.7,-25.40,-21.80,UCCGCGCCGC,GCGGCGCGGA,10,10,WAHR
TT-19,101.6,12.1,8.5,-22.90,-19.30,UCCCGCCGC,GCGGCGGGA,9,9,WAHR
TT-27,119.0,18.4,6.5,-19.90,-16.00,UCCGCCGC,GCGGCGGA,8,8,WAHR
TT-28,98.9,19.2,5.2,-17.40,-13.50,UCCCCGC,GCGGGGA,7,7,WAHR
TT-31,122.9,54.9,2.3,-14.60,-10.20,UCCCGC,GCGGGA,6,6,WAHR
TT-10,91.0,30.2,3.0,-27.40,-23.90,UCCGCGCGAAGC,GCUUCGCGCGGA,12,12,WAHR
TT-11,89.9,27.7,3.3,-25.10,-22.30,UCCUCCCAGAUC,GAUCUGGGAGGA,12,12,WAHR
TT-12,77.2,25.6,3.0,-26.50,-23.80,UCCUCCCGGAUC,GAUCCGGGAGGA,12,12,WAHR
TT-13,85.9,26.0,3.4,-24.00,-21.00,UCCAGGGGAUC,GAUCCCCUGGA,11,11,WAHR
TT-14,93.4,14.9,6.6,-29.40,-26.30,UCCUCGCGCCGC,GCGGCGCGAGGA,12,12,WAHR
TT-15,90.0,19.4,5.0,-28.00,-24.80,UCCUCGCGCUGC,GCAGCGCGAGGA,12,12,WAHR
TT-16,96.9,20.4,4.9,-26.50,-23.30,UCCUCGUGCUGC,GCAGCACGAGGA,12,12,WAHR
TT-18,89.9,37.0,2.4,-27.60,-23.80,UCCUUUGCGUGUUAC,GUAACACGCAAAGGA,15,15,WAHR
TT-21,143.2,56.2,2.3,-26.90,-23.50,UCCGCGCGCUGC,GCGGCGUGCGGA,12,12,WAHR
TT-25,108.6,28.0,4.1,-29.00,-25.40,UCCGCGCGCUGC,GCGGCGCGCGGA,12,12,WAHR
TT-26,120.1,15.7,7.7,-22.30,-17.80,UCCAGCCGC,GCGGCUGGA,9,9,WAHR
TT-29,125.0,67.8,1.9,-15.50,-11.20,UCCACGC,GCGUGGA,7,7,WAHR
TT-30,122.8,18.6,6.6,-21.10,-17.20,UCCUGCCGC,GCGGCGGGA,9,9,WAHR